,date,avg_relative_velocity,max_relative_velocity,min_relative_velocity,avg_miss_distance,max_miss_distance,min_miss_distance,avg_estimated_diameter_max,max_estimated_diameter_max,min_estimated_diameter_max,avg_estimated_diameter_min,max_estimated_diameter_min,min_estimated_diameter_min,avg_estimated_diameter,avg_absolute_magnitude,max_absolute_magnitude,min_absolute_magnitude,total_asteroids,total_hazardous_asteroids,total_sentry_objects,reddit_count,twitter_count
0,2025-09-09,43227.51342573949,70540.1701346495,11994.5107323522,40368744.37613533,74421043.5398431,7214513.326288197,74.43563590007692,0.2523713081,0.0070151987,33.288628364207696,0.1128638801,0.0031372922,0.05386213212692308,25.305384615384614,29.64,21.86,13,0,0,5,1316
1,2025-09-10,57273.40385783788,99924.3167230019,17515.8863335034,36407596.61388026,61111616.99540931,20186091.51178456,197.14528744536665,0.708010957,0.0205135101,88.1660528343,0.3166321257,0.0091739206,0.14265567014166666,23.773333333333333,27.31,19.62,6,0,0,2,323
2,2025-09-11,50201.943925669526,87827.6451090852,20931.3318399189,30192435.6828688,69731412.5604092,2613235.716543953,170.2516747686143,0.4325536477,0.0263051013,76.13886361315714,0.193443872,0.0117639989,0.12319526919285714,23.592,26.77,20.69,21,6,0,4,164
3,2025-09-12,42764.16566941697,120717.0828875275,10968.1881116519,41307323.26304703,69678444.60713597,2338575.179127552,239.44212320584742,2.1579430484,0.0033887535,107.08177283302105,0.9650614696,0.0015154966,0.17326194801842104,24.57836842105263,31.22,17.2,19,0,2,6,215
4,2025-09-13,39996.311430688205,97078.266993938,13298.2027460503,33894987.58103846,74009711.39070041,910572.374955148,57.78829938558462,0.2606393469,0.0103285648,25.843713146046156,0.1165614595,0.0046190746,0.04181600626923077,25.766076923076923,28.8,21.79,13,0,2,1,150
5,2025-09-14,37937.71517478864,51516.3150680425,12088.7376705388,26480254.33436489,62724404.46490612,6934040.971461444,116.55522658906924,0.4613600429,0.0134288857,52.125081957192315,0.2063264836,0.0060055803,0.08434015428076923,24.299230769230764,28.23,20.55,13,2,0,3,156
6,2025-09-15,44535.93773609096,123600.499903134,16087.7343665368,25481018.26297797,66927584.92386553,121308.119914289,247.31222240371005,1.7948988478,0.0064571367,110.60138819226002,0.8027031673,0.0028877193,0.17895680530000005,25.2848,29.82,17.6,10,1,1,4,201
7,2025-09-16,45361.172784494316,83510.5455059792,11247.3527520042,38669171.0572341,71354486.82824083,203231.473955595,78.96901485670625,0.2060819612,0.010093458,35.31601706715,0.0921626549,0.0045139316,0.057142515965625,25.055874999999997,28.85,22.3,16,0,0,7,146
8,2025-09-17,42650.45995768405,98593.3569010064,10262.7201692301,37860546.95176008,69702013.9310719,15199161.768141204,178.05717569303997,0.6368541435,0.0098637028,79.62958974625,0.2848098313,0.004411182,0.12884338271,24.022,28.9,19.85,10,1,1,4,119
9,2025-09-18,51072.59287454264,116578.7408059394,11556.1071227778,22137738.69661892,64943242.107277155,465404.822846717,202.02002606997502,1.5489592011,0.0056291132,90.34610222175,0.6927156136,0.0025174159,0.14618306415,24.984833333333334,30.118,17.92,12,1,1,1,171
10,2025-09-19,48539.01058075151,81308.9517648602,21974.3163446522,32608492.337601878,73934058.05738549,216484.169741451,156.3858214531941,0.8831611957,0.0205229591,69.9378654972941,0.3949616937,0.0091781463,0.11316184348529412,23.733470588235296,27.309,19.14,17,0,1,0,127
11,2025-09-20,47020.47338022303,82545.2054148596,21240.9268784761,40771921.71759916,74631302.0745462,2433785.875821406,108.3438291368167,0.7586474087,0.02208208,48.452833378516665,0.3392774354,0.0098754064,0.07839833125000002,24.735722222222222,27.15,19.47,18,1,0,0,89
12,2025-09-21,39378.669932870696,78867.1917808848,5585.4291549809,28593514.29298438,66602225.36911039,1865967.353478418,141.3637763821294,0.9463242708,0.0136157002,63.21980270930588,0.4232090797,0.0060891262,0.10229178954705882,24.96094117647059,28.2,18.99,17,1,0,2,80
13,2025-09-22,41310.82369803209,60572.0595079044,14648.0471790602,26488489.697108388,70365171.17596589,2550716.073909293,119.70576846495386,0.428587972,0.0106669431,53.534047117284615,0.191670368,0.004770402,0.0866199077923077,24.571692307692306,28.73,20.71,13,1,0,1,126
14,2025-09-23,46973.76768655133,87006.2657795741,25259.9588047396,30374330.44365517,74357598.948538,409994.908742529,377.44738623563126,3.4676877062,0.0110723544,168.79960271049376,1.5507970872,0.0049517074,0.273123494471875,23.342812499999994,28.649,16.17,16,3,1,6,116
15,2025-09-24,42902.27195942507,136354.7131427185,12234.2251155397,37101337.452839814,73006767.85118167,22375.682531214,77.55163348066667,0.2366137501,0.002625669,34.68214484576666,0.1058168859,0.0011742349,0.05611688917083334,25.369,31.774,22.0,12,1,1,5,145
16,2025-09-25,44391.74450830339,113175.8175721921,9314.0261489584,26969647.082402814,72295149.94707882,1085016.970143235,128.58548797745908,0.4808836139,0.0051765448,57.50517840751364,0.21505769,0.0023150212,0.09304533319772725,24.55327272727273,30.3,20.46,22,4,3,0,116
17,2025-09-26,48619.17007187352,96951.0927298676,19670.4952194344,28451589.68405118,74716042.11712301,286767.343437631,115.45474366592353,0.8590926012,0.0054455278,51.632931032358826,0.3841978911,0.0024353141,0.08354383734705882,25.222941176470588,30.19,19.2,17,1,3,0,60
18,2025-09-27,46012.66825078807,91755.5813725594,15448.7216158287,34169337.30960483,69111569.22456439,941732.997924881,69.11776457869165,0.173396361,0.0043056624,30.910404010150003,0.07754521,0.0019255508,0.050014084287499996,25.836166666666667,30.7,22.675,12,0,2,2,86
19,2025-09-28,44734.06049869316,88634.7815588716,14276.6252019004,27156632.020075373,67962783.18533604,104339.472876781,92.23210041037001,0.4966380371,0.0136157002,41.247449245035,0.2221032822,0.0060891262,0.06673977482500001,25.269499999999997,28.2,20.39,20,1,2,2,122
